,atc_e_external_reservoir_model_1_combined,atc_i_cell2,ssDNA_comp1,enzyme_VioA_biocrnpyler_624668,complex_dna_dna_vioA_protein_RNAP_biocrnpyler_624668,protein_Ribo_biocrnpyler_624668,complex_protein_Ribo_transcript_vioA_biocrnpyler_624668,dna_dna_vioA_biocrnpyler_624668,transcript_vioA_biocrnpyler_624668,protein_RNAase_biocrnpyler_624668,complex_protein_RNAase_transcript_vioA_biocrnpyler_624668,protein_RNAP_biocrnpyler_624668,enzyme_VioB_biocrnpyler_624668,complex_protein_RNAase_transcript_vioB_biocrnpyler_624668,complex_protein_Ribo_transcript_vioB_biocrnpyler_624668,complex_dna_dna_vioB_protein_RNAP_biocrnpyler_624668,transcript_vioB_biocrnpyler_624668,dna_dna_vioB_biocrnpyler_624668,enzyme_VioE_biocrnpyler_624668,complex_protein_Ribo_transcript_vioE_biocrnpyler_624668,complex_protein_RNAase_transcript_vioE_biocrnpyler_624668,dna_dna_vioE_biocrnpyler_624668,transcript_vioE_biocrnpyler_624668,complex_dna_dna_vioE_protein_RNAP_biocrnpyler_624668,transcript_vioD_biocrnpyler_624668,complex_protein_Ribo_transcript_vioD_biocrnpyler_624668,complex_dna_dna_vioD_protein_RNAP_biocrnpyler_624668,enzyme_VioD_biocrnpyler_624668,complex_protein_RNAase_transcript_vioD_biocrnpyler_624668,dna_dna_vioD_biocrnpyler_624668,TRP_biocrnpyler_624668,IPA_imine_biocrnpyler_624668,complex_TRP_enzyme_VioA_biocrnpyler_624668,IPA_imine_dimer_biocrnpyler_624668,complex_2x_IPA_imine_enzyme_VioB_biocrnpyler_624668,PTDVA_biocrnpyler_624668,complex_IPA_imine_dimer_enzyme_VioE_biocrnpyler_624668,PTVA_biocrnpyler_624668,complex_PTDVA_enzyme_VioD_biocrnpyler_624668,time,atc_e_external_reservoir_model_1_combined,atc_i_cell3,ssDNA_comp2,complex_protein_Ribo_transcript_vioC_biocrnpyler_693963,complex_dna_dna_vioC_protein_RNAP_biocrnpyler_693963,transcript_vioC_biocrnpyler_693963,protein_Ribo_biocrnpyler_693963,protein_RNAase_biocrnpyler_693963,enzyme_VioC_biocrnpyler_693963,complex_protein_RNAase_transcript_vioC_biocrnpyler_693963,dna_dna_vioC_biocrnpyler_693963,protein_RNAP_biocrnpyler_693963,PTVA_biocrnpyler_693963,V_biocrnpyler_693963,complex_PTVA_enzyme_VioC_biocrnpyler_693963,PTDVA_biocrnpyler_693963,DV_biocrnpyler_693963,complex_PTDVA_enzyme_VioC_biocrnpyler_693963,time
0,10000.0,0.0,10.0,0.0,0.0,24.0,0.0,10.0,0.0,6.0,0.0,3.0,0.0,0.0,0.0,0.0,0.0,10.0,0.0,0.0,0.0,10.0,0.0,0.0,0.0,0.0,0.0,0.0,0.0,10.0,10.0,0.0,0.0,0.0,0.0,0.0,0.0,0.0,0.0,0.0,10000.0,0.0,10.0,0.0,0.0,0.0,24.0,6.0,0.0,0.0,10.0,3.0,0.0,0.0,0.0,0.0,0.0,0.0,0.0
1,9606.970381798123,393.0296182018695,10.0,0.25073423377312976,0.7479688010424846,21.616339600203215,0.5959150999491966,9.252031198957498,0.0027842826821191276,5.401468242277794,0.14963293943055286,0.008124795830048628,0.2989252837885993,0.14963293943055284,0.5959150999491964,0.7479688010424846,0.002784282682119127,9.252031198957498,0.298925098383899,0.5959150999491966,0.14963293943055284,9.252031198957498,0.0027842826821191263,0.7479688010424846,0.002784282682119126,0.5959150999491963,0.7479688010424846,0.2989253937932602,0.14963293943055284,9.252031198957498,9.951575482381395,0.00023222087668804952,0.04819117414832472,1.0778409200438982e-07,1.241328523740706e-07,4.951655973291215e-09,3.0953755151320764e-07,7.624547197068954e-10,1.41281914324608e-08,20.050125313283207,9606.970383263859,393.0296167361565,10.0,2.356405729750281,2.957789135564588,0.010995928025473636,21.643594270249714,5.408308568090959,1.1819749458890756,0.591691431909029,7.042210864435402,0.04221086443540814,0.0,0.0,0.0,0.0,0.0,0.0,20.050125313283207
2,9229.465227816614,770.5347721833816,10.0,0.8591941150374454,0.7479688010424838,19.243861953527148,1.1890345116182128,9.252031198957498,0.006225000790507886,4.806308095512109,0.29842297612197455,0.008124795830048619,1.1938712639464617,0.29842297612197444,1.1890345116182124,0.7479688010424838,0.0062250007905078845,9.252031198957498,1.1938332829769658,1.1890345116182126,0.2984229761219745,9.252031198957498,0.0062250007905078845,0.7479688010424838,0.006225000790507884,1.1890345116182124,0.7479688010424836,1.193873628550829,0.29842297612197444,9.252031198957498,9.661977462671716,0.0032107180010664507,0.3346847861390302,3.8954274661634734e-06,7.637230012250935e-06,4.519886576201997e-07,4.5618199550930877e-05,6.411227171915339e-07,5.27262569380038e-06,40.100250626566414,9229.4652291227,770.5347708773152,10.0,4.701890565406564,2.9577891355645884,0.024546805616095527,19.29810943459344,4.819910084279769,4.720921485763214,1.1800899157202185,7.042210864435402,0.04221086443540823,0.0,0.0,0.0,0.0,0.0,0.0,40.100250626566414
3,8866.871329619453,1133.1286703805479,10.0,1.705308354568488,0.7479688010424831,16.883451388369995,1.7791371529074929,9.252031198957498,0.010607830841305978,4.214746691575884,0.44631332710603056,0.008124795830048619,2.6818741699494804,0.44631332710603105,1.7791371529074944,0.7479688010424833,0.01060783084130599,9.252031198957498,2.681273893689814,1.7791371529074962,0.44631332710603144,9.252031198957498,0.010607830841306001,0.7479688010424832,0.010607830841306011,1.7791371529074984,0.7479688010424832,2.6818268071354083,0.44631332710603194,9.252031198957498,9.00827464193614,0.013241536250544271,0.9766394736645029,2.5468976135430936e-05,7.365828351137874e-05,4.580031783798703e-06,0.0006739345425764739,2.35111427291477e-05,0.0001210210976987079,60.150375939849624,8866.871331025815,1133.1286689742008,10.0,7.0355006490192,2.9577891355645876,0.041747683108135945,16.9644993509808,4.235049245206972,10.605361619903515,1.764950754793016,7.042210864435401,0.04221086443540822,0.0,0.0,0.0,0.0,0.0,0.0,60.150375939849624
4,8518.599700848263,1481.4002991517389,10.0,2.771266387498773,0.7479688010424828,14.53647639914542,2.3658809002136363,9.252031198957498,0.01637692246524395,3.62711694235328,0.5932207644116829,0.008124795830048609,4.759634812514012,0.5932207644116828,2.365880900213636,0.7479688010424828,0.01637692246524395,9.252031198957498,4.75603597109885,2.3658809002136443,0.593220764411685,9.252031198957498,0.016376922465244005,0.7479688010424828,0.016376922465243995,2.3658809002136434,0.7479688010424828,4.759001756343357,0.5932207644116848,9.252031198957498,7.968868541639275,0.031354052656953395,1.9886850713713133,8.315110684749235e-05,0.00031664635606737726,2.0182070057960875e-05,0.003915487770458488,0.0002609973359567765,0.0009497025268700748,80.20050125313283,8518.599702146757,1481.4002978532567,10.0,9.355936985875095,2.9577891355645876,0.06428717132095677,14.644063014124907,3.654041851961635,18.822796191686443,2.345958148038353,7.042210864435401,0.04221086443540813,0.0,0.0,0.0,0.0,0.0,0.0,80.20050125313283
5,8184.084619138248,1815.9153808617575,10.0,4.117474524956565,0.7479688010424826,12.205345282570212,2.948663679357401,9.252031198957502,0.0243033041136045,3.0440104995161925,0.7389973751209455,0.008124795830048605,7.423417142858265,0.738997375120945,2.9486636793573973,0.7479688010424825,0.02430330411360452,9.2520311989575,7.411016561098672,2.9486636793575633,0.7389973751209865,9.252031198957498,0.02430330411360587,0.7479688010424824,0.024303304113604658,2.9486636793574164,0.7479688010424825,7.420165295644293,0.7389973751209493,9.2520311989575,6.601330860812358,0.052107269881231225,3.306776111905313,0.00017997116815305083,0.0008334940036030058,5.55494881032028e-05,0.013234075762566952,0.0015044470604030828,0.0040853412177500196,100.25062656641603,8184.08462043125,1815.9153795687641,10.0,11.66093395236554,2.9577891355645876,0.09506951394021362,12.339066047634462,3.0774442368709543,29.358993626995844,2.9225557631290338,7.042210864435401,0.04221086443540814,0.0,0.0,0.0,0.0,0.0,0.0,100.25062656641603
6,7862.7827080809575,2137.217291919052,10.0,5.868190683260237,0.7479688010424825,9.894656574197251,3.5263358564506135,9.252031198957502,0.035845941095293064,2.466563915429635,0.883359021142581,0.008124795830048605,10.668800517179646,0.8833590211425801,3.52633585645061,0.7479688010424825,0.03584594109529303,9.2520311989575,10.639386505253134,3.5263358564507734,0.8833590211426211,9.252031198957498,0.03584594109529469,0.7479688010424823,0.03584594109529418,3.5263358564507215,0.7479688010424824,10.65857709733029,0.8833590211426079,9.2520311989575,5.0297566668441975,0.06727525380928681,4.802173528007083,0.00029299333699794617,0.0015636940876525003,0.0001113926817759772,0.03097770601369964,0.0056643756123737204,0.011787113937247037,120.30075187969925,7862.782709291405,2137.217290708609,10.0,13.946217579003637,2.957789135564588,0.13952247420863828,10.053782420996363,2.506312387354775,42.19657402198682,3.493687612645213,7.042210864435401,0.04221086443540814,0.0,0.0,0.0,0.0,0.0,0.0,120.30075187969925
7,7554.172054350307,2445.827945649703,10.0,8.20052247614362,0.7479688010424826,7.614241069471867,4.096439732631966,9.252031198957502,0.05410570649582059,1.8972152896054633,1.025696177598622,0.008124795830048607,14.489788020105658,1.0256961775986213,4.096439732631956,0.7479688010424825,0.0541057064958205,9.2520311989575,14.436357100211735,4.096439732632123,1.0256961775986644,9.252031198957498,0.05410570649582278,0.7479688010424821,0.05410570649582196,4.096439732632069,0.7479688010424823,14.466574816660614,1.0256961775986488,9.2520311989575,3.4357557415355036,0.07280897847145612,6.291581485046301,0.0003881584359849261,0.0023159410842328717,0.00017753791032780865,0.055746860977859546,0.0157692545353681,0.025529144529629292,140.35087719298244,7554.172055514208,2445.8279444858063,10.0,16.202805101685794,2.957789135564588,0.2089850972143468,7.797194898314208,1.9428736333868368,57.31186846177451,4.057126366613151,7.042210864435401,0.04221086443540814,0.0,0.0,0.0,0.0,0.0,0.0,140.35087719298244
8,7257.751359926372,2742.248640073637,10.0,11.315993452100102,0.7479688010424824,5.388736045504666,4.652815988623763,9.252031198957502,0.08682554581152378,1.3420855319568596,1.1644786170107724,0.008124795830048603,18.87637710515789,1.1644786170107715,4.652815988623756,0.7479688010424822,0.08682554581152363,9.2520311989575,18.79617766142448,4.652815988623923,1.1644786170108132,9.252031198957498,0.08682554581152681,0.7479688010424822,0.08682554581152578,4.652815988623862,0.7479688010424822,18.83453349013746,1.1644786170107992,9.2520311989575,2.0331157748407604,0.07028841732693812,7.56331102484355,0.00044419969836848673,0.002927371785707733,0.00023893144041926218,0.08312681551900593,0.03513408624430124,0.044770986806607516,160.40100250626566,7257.751361043743,2742.2486389562787,10.0,18.408730683157767,2.957789135564588,0.3310800175494147,5.591269316842227,1.3925846070574441,74.66686457307411,4.6074153929425465,7.042210864435401,0.042210864435408155,0.0,0.0,0.0,0.0,0.0,0.0,160.40100250626566
9,6973.0391277884655,3026.960872211543,10.0,15.36817534696061,0.7479688010424826,3.294585429730904,5.176353642567203,9.252031198957502,0.15797705622151226,0.8201797375412875,1.2949550656146658,0.008124795830048607,23.80721908232539,1.2949550656146633,5.176353642567199,0.7479688010424826,0.15797705622151173,9.252031198957502,23.70211431984358,5.176353642567362,1.2949550656147037,9.252031198957495,0.15797705622151664,0.7479688010424821,0.15797705622151506,5.176353642567304,0.7479688010424825,23.74338355203893,1.2949550656146893,9.2520311989575,1.0027010721536196,0.06313533238966117,8.442371636143733,0.0004592360981510584,0.0033279007788926548,0.0002841400329029859,0.10843266326077078,0.06622860841987588,0.06716343106593191,180.45112781954887,6973.039128867799,3026.960871132221,10.0,20.498050355463114,2.957789135564588,0.5885411383119376,3.501949644536889,0.871839367444879,94.18417854871039,5.128160632555108,7.042210864435401,0.04221086443540814,0.0,0.0,0.0,0.0,0.0,0.0,180.45112781954887
10,6699.5728798156015,3300.427120184404,10.0,20.34683717373196,0.7479688010424826,1.6004887755668413,5.599877806108249,9.252031198957502,0.35173757161553,0.39830088853395784,1.400424777866499,0.008124795830048603,29.222215813186565,1.4004247778664864,5.599877806108189,0.7479688010424825,0.3517375716155904,9.252031198957502,29.097375115830875,5.599877806108388,1.4004247778665369,9.252031198957495,0.35173757161555014,0.7479688010424822,0.35173757161553654,5.59987780610834,0.7479688010424824,29.136084036884064,1.4004247778665244,9.2520311989575,0.40249499094630853,0.05416456691735152,8.878891627396975,0.0004426273794190161,0.0035129879423062534,0.00030889953596048466,0.12835368529823477,0.10996144296829494,0.08964476424549438,200.50125313283206,6699.572880852755,3300.4271191472635,10.0,22.240101422594257,2.957789135564588,1.2704323493312368,1.7598985774057372,0.43798613095802086,115.65428173101961,5.562013869041964,7.042210864435401,0.04221086443540814,0.0,0.0,0.0,0.0,0.0,0.0,200.50125313283206
11,6436.908405522579,3563.0915944774283,10.0,25.99158870704771,0.7479688010424826,0.7299331596322416,5.8175167100918905,9.252031198957502,0.8010632978036036,0.18162050505100677,1.4545948737372367,0.008124795830048605,34.96265790283287,1.454594873737234,5.81751671009188,0.7479688010424828,0.8010632978036022,9.252031198957503,34.82470686690872,5.817516710092029,1.4545948737372711,9.252031198957495,0.8010632978036227,0.747968801042482,0.8010632978036158,5.8175167100919785,0.7479688010424825,34.85671562545231,1.454594873737259,9.2520311989575,0.13833519415442327,0.04546384616013036,8.97460210490261,0.00040754329671085354,0.0035329091174129577,0.00031519953105141096,0.1414839450418806,0.16558464390567665,0.10947518649870998,220.55137844611528,6436.908406512053,3563.091593487966,10.0,23.2015276266521,2.957789135564588,2.9206218943792788,0.7984723733478929,0.19867706225012396,138.50415668990857,5.801322937749862,7.042210864435401,0.04221086443540815,0.0,0.0,0.0,0.0,0.0,0.0,220.55137844611528
12,6184.619040485367,3815.380959514643,10.0,31.950924150795988,0.7479688010424821,0.4162501485500583,5.895937462862447,9.2520311989575,1.423580029322163,0.1035639254301887,1.4741090186424426,0.008124795830048603,40.840422098012894,1.4741090186424382,5.8959374628624275,0.7479688010424825,1.4235800293221579,9.252031198957502,40.69548849248103,5.895937462862577,1.474109018642475,9.252031198957498,1.4235800293221919,0.7479688010424823,1.4235800293221814,5.895937462862531,0.7479688010424825,40.71893728186583,1.4741090186424632,9.252031198957505,0.0516267981120966,0.03821693414747983,8.892968761987952,0.0003657370605018227,0.0034708147710034443,0.00030788604991403926,0.14840442030333106,0.23108926377266653,0.12495563091884393,240.6015037593985,6184.619041434792,3815.380958565227,10.0,23.555527062050206,2.957789135564588,5.326389480504834,0.44447293794978265,0.11058645052599644,161.97023500395557,5.889413549473985,7.042210864435401,0.04221086443540815,0.0,0.0,0.0,0.0,0.0,0.0,240.6015037593985
13,5942.294973324967,4057.705026675043,10.0,38.02312908241916,0.7479688010424824,0.28344500652104504,5.929138748370153,9.2520311989575,2.1023122867971518,0.0705198197171823,1.4823700450708088,0.00812479583004861,46.76986117063071,1.4823700450707256,5.929138748369829,0.747968801042483,2.102312286797507,9.252031198957503,46.62235325324878,5.929138748369392,1.4823700450706199,9.252031198957498,2.1023122867982935,0.7479688010424818,2.1023122867979698,5.929138748369601,0.7479688010424826,46.63756441774156,1.4823700450706707,9.252031198957503,0.028368286122955357,0.032573389818397726,8.75012010725199,0.0003245645596423898,0.0033880190403585667,0.0002918334681822591,0.15089593642286558,0.30388398298190966,0.13568477193039447,260.6516290726817,5942.294974237247,4057.705025762777,10.0,23.701878594931713,2.9577891355645876,7.990331298056053,0.2981214050682702,0.07417146183852935,185.66725181161829,5.925828538161452,7.042210864435401,0.04221086443540814,0.0,0.0,0.0,0.0,0.0,0.0,260.6516290726817
14,5709.542579872255,4290.457420127757,10.0,44.13289660163218,0.7479688010424824,0.21340496883147492,5.9466487577921034,9.2520311989575,2.8005197105667436,0.05309342352986761,1.4867266441175262,0.008124795830048603,52.72352066987842,1.4867266441175182,5.946648757792069,0.7479688010424829,2.8005197105667277,9.252031198957503,52.576090942408726,5.946648757792214,1.4867266441175537,9.252031198957498,2.800519710566796,0.7479688010424823,2.8005197105667765,5.946648757792172,0.7479688010424828,52.58460081706583,1.486726644117544,9.252031198957503,0.021301728936729616,0.028208831770363,8.593931471684668,0.0002874894768298635,0.0033074034383074108,0.0002712696805259347,0.1507371309087531,0.38144843404780227,0.1422272562519241,280.7017543859649,5709.542580872354,4290.457419127669,10.0,23.777540001855385,2.9577891355645876,10.742026825839918,0.22245999814461342,0.05534634312319972,209.4700279055927,5.944653656876783,7.0422108644354005,0.04221086443540812,0.0,0.0,0.0,0.0,0.0,0.0,280.7017543859649
15,5485.983784302152,4514.01621569786,10.0,50.25698619248536,0.7479688010424825,0.17071048343481665,5.957322379141274,9.2520311989575,3.5071962767810696,0.042471013820989584,1.4893822465447433,0.008124795830048605,58.69088830668266,1.4893822465447355,5.957322379141247,0.7479688010424828,3.5071962767810536,9.252031198957503,58.544965273813816,5.957322379141379,1.4893822465447693,9.252031198957498,3.5071962767811318,0.7479688010424824,3.50719627678111,5.957322379141344,0.7479688010424828,58.54857690276712,1.48938224654476,9.252031198957503,0.017796885635688802,0.024769880301093998,8.437134857726422,0.0002554617907003532,0.003232743528991701,0.00024929483566816846,0.14915577639871483,0.4617117641686914,0.14554414744565364,300.7518796992481,5485.9837852244,4514.016214775623,10.0,23.823056534233142,2.9577891355645876,13.531074805607664,0.1769434657668438,0.04402177151125685,233.33167951320766,5.955978228488724,7.0422108644354005,0.04221086443540814,0.0,0.0,0.0,0.0,0.0,0.0,300.7518796992481
16,5271.255444114495,4728.744555885519,10.0,56.38797047340315,0.7479688010424823,0.14210530767584872,5.9644736730810175,9.2520311989575,4.21822795926561,0.03535413461905262,1.4911614663452233,0.008124795830048602,64.66701180576723,1.4911614663452164,5.964473673080987,0.7479688010424825,4.21822795926559,9.252031198957503,64.52330900550889,5.964473673081114,1.4911614663452475,9.252031198957498,4.218227959265678,0.7479688010424822,4.218227959265653,5.964473673081076,0.7479688010424825,64.52358950456266,1.4911614663452388,9.252031198957503,0.015361372736476359,0.021997067934710568,8.282204404359714,0.0002282297411694038,0.0031630719954596235,0.0002278134849899779,0.14686587225479367,0.5431482168069232,0.14658537320123677,320.8020050125313,5271.25544499964,4728.744555000383,10.0,23.853279771194096,2.9577891355645876,16.339036112853147,0.14672022880588612,0.03650230711770954,257.23052477629153,5.963497692882272,7.0422108644354005,0.04221086443540814,0.0,0.0,0.0,0.0,0.0,0.0,320.8020050125313
17,5065.008760980491,4934.991239019522,10.0,62.52267989063812,0.7479688010424822,0.12164908713616142,5.969587728215946,9.2520311989575,4.931773581110536,0.030264740984974035,1.4924338147537484,0.008124795830048603,70.6491949144497,1.4924338147537408,5.9695877282159175,0.7479688010424826,4.931773581110513,9.252031198957503,70.50803907736596,5.96958772821603,1.4924338147537695,9.252031198957498,4.9317735811106065,0.7479688010424822,4.931773581110582,5.969587728216001,0.7479688010424824,70.50617412193536,1.4924338147537612,9.252031198957503,0.013482488199669688,0.019715441017033326,8.129612191313937,0.000205140092442674,0.0030971675021619514,0.000207809826387073,0.14425300458702972,0.6247138577088996,0.1461179600177823,340.8521303258145,5065.008761833422,4934.991238166601,10.0,23.874754786450804,2.9577891355645876,19.157795129802558,0.12524521354918472,0.03115943412505512,281.1549137230878,5.9688405658749275,7.0422108644354005,0.042210864435408134,0.0,0.0,0.0,0.0,0.0,0.0,340.8521303258145
18,4866.908713889359,5133.091286110654,10.0,68.65935275489262,0.7479688010424823,0.10631162169220994,5.973422094576929,9.2520311989575,5.646895187183063,0.02644889283189852,1.493387776792014,0.008124795830048603,76.63581470846265,1.493387776792008,5.973422094576906,0.7479688010424828,5.646895187183038,9.252031198957503,76.4973302985725,5.97342209457701,1.4933877767920383,9.252031198957498,5.646895187183132,0.7479688010424824,5.646895187183109,5.973422094576982,0.7479688010424826,76.49414929136671,1.493387776792029,9.252031198957503,0.011976789629377638,0.017806021682066856,7.979496139757682,0.00018549400285527672,0.0030341861874270855,0.0001896782926619366,0.14151859607879527,0.7057329666190183,0.14469960328470224,360.90225563909775,4866.908714752589,5133.091285247434,10.0,23.89077919510666,2.9577891355645876,21.983268323242637,0.10922080489333552,0.027172674303860077,305.0979010528249,5.972827325696121,7.0422108644354005,0.04221086443540814,0.0,0.0,0.0,0.0,0.0,0.0,360.90225563909775
19,4676.63351496973,5323.366485030284,10.0,74.79688210580458,0.7479688010424823,0.09439310674716836,5.976401723313181,9.252031198957502,6.363067325874211,0.023483670737331628,1.4941290823156557,0.008124795830048598,82.6258208128333,1.4941290823156512,5.97640172331316,0.7479688010424826,6.363067325874187,9.252031198957507,82.49002936598355,5.976401723313254,1.4941290823156734,9.252031198957498,6.363067325874291,0.747968801042482,6.363067325874263,5.97640172331323,0.7479688010424822,82.48608356783119,1.4941290823156677,9.252031198957502,0.010741027870216897,0.016185449808844135,7.831912280776296,0.00016867104562554662,0.0029735737473183766,0.00017347938835629714,0.13876502059842974,0.7857890572417177,0.142710818750897,380.9523809523809,4676.633517326948,5323.366482673075,10.0,23.903185533612106,2.9577891355645876,24.81318941726698,0.09681446638789072,0.024086082639005045,329.0550242186244,5.9759139173609785,7.0422108644354005,0.04221086443540815,0.0,0.0,0.0,0.0,0.0,0.0,380.9523809523809
20,4493.874086778695,5506.125913221319,10.0,80.93453030864376,0.7479688010424823,0.08486878147617538,5.9787828046309315,9.252031198957503,7.079973640872269,0.02111411237948891,1.4947214719051127,0.008124795830048598,88.61849524862627,1.4947214719051074,5.97878280463091,0.7479688010424824,7.079973640872246,9.252031198957505,88.48536797716935,5.978782804631,1.4947214719051303,9.252031198957498,7.0799736408723515,0.7479688010424819,7.079973640872319,5.9787828046309714,0.7479688010424821,88.48101014269412,1.4947214719051232,9.252031198957502,0.009708029601963717,0.01479358700301316,7.686879895964963,0.0001541573112943251,0.0029149559821720124,0.00015910535405710128,0.13604222744052208,0.8646387357111707,0.14040006191583757,401.0025062656641,4493.874088852527,5506.125911147496,10.0,23.91307059680875,2.9577891355645876,27.64620382786858,0.08692940319125103,0.021626773997442332,353.02324942734305,5.978373226002542,7.0422108644354005,0.04221086443540814,0.0,0.0,0.0,0.0,0.0,0.0,401.0025062656641
21,4318.333560328565,5681.666439671449,10.0,87.07178684053282,0.7479688010424824,0.07708507264322442,5.9807287318391715,9.252031198957505,7.797412636165874,0.019177609063836438,1.495205597734027,0.0081247958300486,94.61332591317706,1.4952055977340244,5.980728731839157,0.7479688010424823,7.797412636165853,9.252031198957505,94.48281115513505,5.980728731839239,1.4952055977340437,9.252031198957498,7.79741263616596,0.7479688010424819,7.7974126361659275,5.980728731839208,0.7479688010424822,94.47825992631279,1.4952055977340386,9.252031198957503,0.008831596882363048,0.013585939131658389,7.544397143978827,0.00014153912807043435,0.0028580713343315444,0.0001463771645457342,0.13337282937785144,0.942149784798604,0.1379240582001945,421.05263157894734,4318.333562550203,5681.666437449819,10.0,23.921129838423294,2.9577891355645876,30.481453790119605,0.07887016157670408,0.019621719512961735,377.0004227655834,5.980378280487022,7.0422108644354005,0.04221086443540809,0.0,0.0,0.0,0.0,0.0,0.0,421.05263157894734
22,4149.726792933476,5850.273207066538,10.0,93.2082885091528,0.7479688010424824,0.07060588491514593,5.982348528771201,9.252031198957505,8.515250044410024,0.017565661285263517,1.4956085846786722,0.0081247958300486,100.60993489791142,1.4956085846786689,5.982348528771184,0.7479688010424824,8.515250044410005,9.252031198957505,100.48197212678133,5.982348528771264,1.4956085846786884,9.252031198957498,8.515250044410116,0.7479688010424818,8.51525004441008,5.982348528771238,0.7479688010424822,100.47735894245301,1.4956085846786817,9.252031198957503,0.00807876273130997,0.01252886625027698,7.404449119483442,0.0001304869838609714,0.002802730724603491,0.00013509707865157642,0.13076550185627284,1.0182591229394906,0.13537868618462975,441.10275689223056,4149.726794682378,5850.273205317644,10.0,23.927825117249835,2.9577891355645876,33.318370417484,0.07217488275016569,0.017956009606377124,400.984960223116,5.982043990393607,7.0422108644354005,0.04221086443540814,0.0,0.0,0.0,0.0,0.0,0.0,441.10275689223056
23,3987.7799044517587,6012.220095548256,10.0,99.34377168445053,0.7479688010424824,0.06512928021414667,5.983717679946453,9.252031198957505,9.233393028484238,0.016203148002678965,1.4959492129993235,0.0081247958300486,106.60803542587328,1.4959492129993217,5.983717679946445,0.7479688010424823,9.23339302848421,9.252031198957505,106.48256214992566,5.9837176799465155,1.4959492129993393,9.252031198957498,9.233393028484334,0.7479688010424819,9.233393028484295,5.98371767994649,0.7479688010424824,106.47796340625686,1.4959492129993328,9.252031198957503,0.007425307804630733,0.011596455374412206,7.2670125347237375,0.00012073874913470675,0.002748793300754792,0.00012507473681566033,0.12822206925003923,1.092945362093056,0.1328208129188326,461.1528822055138,3987.779905989361,6012.220094010662,10.0,23.93347496041559,2.9577891355645876,36.15656189682214,0.06652503958440657,0.016550395833813,424.97566352659595,5.9834496041661716,7.0422108644354005,0.04221086443540814,0.0,0.0,0.0,0.0,0.0,0.0,461.1528822055138
24,3832.2298334759093,6167.770166524105,10.0,105.47804236531402,0.747968801042482,0.06043967152392901,5.9848900821190165,9.252031198957505,9.951775390961924,0.01503643225772337,1.4962408919355603,0.008124795830048596,112.60740481448653,1.4962408919355572,5.984890082119003,0.7479688010424822,9.951775390961918,9.252031198957505,112.484359772554,5.984890082119078,1.4962408919355763,9.252031198957498,9.951775390962025,0.7479688010424816,9.951775390961988,5.984890082119057,0.7479688010424822,112.47981802145199,1.496240891935571,9.252031198957503,0.006853007917642419,0.010768417716600292,7.13205860037374,0.0001120851427107359,0.002696151200980316,0.00011613840570360441,0.12574119313524823,1.16621147487417,0.1302829442372191,481.203007518797,3832.229813151905,6167.770186848116,10.0,23.938306044299875,2.9577891355645876,38.99574977483184,0.061693955700119235,0.0153484821903309,448.9716043728442,5.984651517809653,7.0422108644354005,0.042210864435408134,0.0,0.0,0.0,0.0,0.0,0.0,481.203007518797
25,3682.823908817452,6317.176091182563,10.0,111.61095652209715,0.7479688010424824,0.05637903254695477,5.98590524186326,9.252031198957505,10.670348674350885,0.014026198073935316,1.4964934504815035,0.0081247958300486,118.60786667972401,1.496493450481502,5.9859052418632555,0.7479688010424823,10.670348674350866,9.252031198957505,118.48719114104046,5.9859052418633185,1.4964934504815182,9.252031198957496,10.670348674350985,0.7479688010424818,10.670348674350949,5.985905241863298,0.7479688010424822,118.48272861352983,1.4964934504815128,9.252031198957503,0.006347867591641865,0.01002863709693565,6.999554877182481,0.00010435801755110844,0.0026447195553074305,0.00010813844464273493,0.12332025824070508,1.2380740490550146,0.1277827857512708,501.25313283208015,3682.8238957967073,6317.176104203312,10.0,23.942484054729245,2.9577891355645876,41.83573079349936,0.05751594527075555,0.014309047010240883,472.972049318816,5.985690952989744,7.0422108644354005,0.04221086443540815,0.0,0.0,0.0,0.0,0.0,0.0,501.25313283208015
26,3539.31943999164,6460.680560008376,10.0,117.74240690976447,0.7479688010424824,0.05282896014985522,5.9867927599625315,9.252031198957505,11.389076620514755,0.013142987582853897,1.496714253104279,0.008124795830048596,124.60927897937489,1.4967142531042765,5.986792759962522,0.7479688010424829,11.38907662051475,9.252031198957507,124.49091711812629,5.986792759962576,1.4967142531042903,9.252031198957496,11.389076620514878,0.7479688010424812,11.38907662051482,5.98679275996257,0.7479688010424823,124.48654417260933,1.496714253104289,9.252031198957505,0.005898952707706396,0.009364149069969314,6.8694664995379355,9.74212662440603e-05,0.0025944299271736834,0.0001009468623413788,0.12095629117770526,1.3085568734142032,0.12532923669454657,521.3032581453634,3539.3194263674577,6460.680573632562,10.0,23.946132845148536,2.9577891355645876,44.67635322085871,0.053867154851462484,0.013401276395453915,496.9764084342772,5.986598723604533,7.0422108644354005,0.042210864435408134,0.0,0.0,0.0,0.0,0.0,0.0,521.3032581453634
27,3401.4833258105327,6598.516674189484,10.0,123.87231385806484,0.7479688010424826,0.049698966947359376,5.987575258263154,9.252031198957505,12.107931557276865,0.012364288228807084,1.4969089279427874,0.008124795830048603,130.61152564570568,1.496908927942787,5.987575258263151,0.7479688010424825,12.10793155727686,9.252031198957507,130.49542448437126,5.987575258263205,1.4969089279428003,9.252031198957495,12.107931557276972,0.7479688010424814,12.107931557276938,5.987575258263189,0.7479688010424824,130.49114475344638,1.4969089279427963,9.252031198957505,0.005497589950381085,0.008764404473570924,6.741757013661006,9.116378740578609e-05,0.002545226019789332,9.445523960955472e-05,0.11864638735617739,1.3776871452735713,0.12292611828098753,541.3533834586466,3401.4833099705534,6598.516690029468,10.0,23.949346856128876,2.9577891355645876,47.5175015139642,0.05065314387112429,0.012601674247741937,520.9842006452695,5.9873983257522445,7.0422108644354005,0.04221086443540814,0.0,0.0,0.0,0.0,0.0,0.0,541.3533834586466
28,3269.0916726856653,6730.9083273143515,10.0,130.00061871599604,0.7479688010424825,0.04691872587567642,5.988270318531077,9.252031198957505,12.82689200689256,0.011672603235575254,1.4970818491910909,0.008124795830048602,136.6145106176195,1.4970818491910949,5.988270318531066,0.7479688010424826,12.826892006892537,9.252031198957507,136.5006197954524,5.988270318531108,1.4970818491911047,9.252031198957495,12.826892006892674,0.7479688010424816,12.826892006892637,5.988270318531093,0.7479688010424826,136.49643325725785,1.4970818491911002,9.252031198957505,0.005136806400559069,0.008220730093371717,6.61638896190126,8.549414282304302e-05,0.0024970602773989603,8.857208812693051e-05,0.1163878824465626,1.445493321206506,0.12057442064100923,561.4035087719298,3269.0916464588295,6730.908353541192,10.0,23.95219934849156,2.9577891355645876,50.35908616397731,0.04780065150844342,0.011892013881719753,544.9950282919706,5.988107986118267,7.0422108644354005,0.04221086443540814,0.0,0.0,0.0,0.0,0.0,0.0,561.4035087719298
29,3141.9294084377043,6858.070591562312,10.0,136.12727906279378,0.7479688010424825,0.04443278705114826,5.988891803237205,9.252031198957505,13.545941058450795,0.011054137176376209,1.4972364657058996,0.0081247958300486,142.61815346247303,1.497236465705897,5.988891803237194,0.7479688010424826,13.54594105845077,9.252031198957507,142.50642495734783,5.988891803237253,1.4972364657059114,9.252031198957495,13.5459410584509,0.7479688010424816,13.545941058450854,5.988891803237232,0.7479688010424825,142.50232972568256,1.497236465705906,9.252031198957505,0.0048109333887727075,0.007725932518642343,6.493324291707556,8.033648854953118e-05,0.002449892027879736,8.322026474308425e-05,0.11417839715525151,1.5120039464357604,0.11827362882035272,581.453634085213,3141.929385373432,6858.070614626591,10.0,23.954747998818785,2.9577891355645876,53.201036798607994,0.045252001181219796,0.011257945877600487,569.008559021337,5.988742054122383,7.0422108644354005,0.04221086443540814,0.0,0.0,0.0,0.0,0.0,0.0,581.453634085213
30,3019.7899886388086,6980.210011361208,10.0,142.25226525975106,0.7479688010424825,0.042196797631748176,5.989450800592058,9.252031198957505,14.26506520333479,0.010497855491370212,1.4973755361271428,0.0081247958300486,148.62238623946686,1.4973755361271404,5.989450800592049,0.7479688010424826,14.26506520333477,9.252031198957507,148.51277408843546,5.989450800592103,1.497375536127154,9.252031198957495,14.265065203334897,0.7479688010424816,14.265065203334856,5.989450800592087,0.7479688010424826,148.5087674371717,1.4973755361271501,9.252031198957505,0.004515309432192631,0.007273990227795511,6.372524665516381,7.562737992996886e-05,0.0024036858001378145,7.833454442516309e-05,0.11201583683380603,1.5772470447562181,0.11602248809732528,601.5037593984962,3019.7899842573997,6980.210015742626,10.0,23.95703886699209,2.9577891355645876,56.0432972949073,0.04296113300791799,0.01068801097250891,593.0245122344991,5.989311989027476,7.0422108644354005,0.04221086443540814,0.0,0.0,0.0,0.0,0.0,0.0,601.5037593984962
31,2902.475012065397,7097.524987934618,10.0,148.37555771974914,0.7479688010424826,0.04017489669673332,5.989956275825812,9.252031198957505,14.98425353444119,0.009994836346289795,1.4975012909134189,0.0081247958300486,154.6271509817793,1.4975012909134173,5.989956275825805,0.7479688010424826,14.984253534441175,9.252031198957507,154.51961103837692,5.989956275825853,1.4975012909134293,9.252031198957495,14.984253534441295,0.7479688010424816,14.984253534441258,5.9899562758258424,0.7479688010424825,154.51568995487884,1.497501290913426,9.252031198957505,0.004246068097344992,0.006859827772368507,6.253951672111693,7.131339113908787e-05,0.002358410081092026,7.385963899053687e-05,0.1098983534857718,1.641249842428638,0.11381943698369146,621.5538847117795,2902.4750093804555,7097.5249906195695,10.0,23.959109148012754,2.9577891355645876,58.88582239496824,0.04089085198725517,0.010172955420461764,617.0426486026981,5.989827044579522,7.0422108644354005,0.04221086443540814,0.0,0.0,0.0,0.0,0.0,0.0,621.5538847117795
32,2789.793916300201,7210.206083699815,10.0,154.49714490464066,0.7479688010424825,0.038337765593623355,5.990415558601592,9.252031198957505,15.703497146643393,0.009537785569781514,1.4976155536075397,0.008124795830048602,160.63239785996478,1.4976155536075433,5.990415558601571,0.7479688010424825,15.703497146643379,9.252031198957507,160.52688758448525,5.990415558601615,1.49761555360755,9.252031198957495,15.703497146643501,0.7479688010424816,15.703497146643468,5.9904155586016214,0.7479688010424826,160.52304906030392,1.4976155536075468,9.252031198957505,0.003999973838072825,0.0064791356764713065,6.137566991934239,6.734920739750368e-05,0.002314036609617948,6.974846877433025e-05,0.10782431209149528,1.7040386666256806,0.11166283627266918,641.6040100250626,2789.793913392489,7210.206086607536,10.0,23.960989213505552,2.9577891355645876,61.72857519267752,0.03901078649445712,0.00970522307712571,641.0627627989654,5.990294776922859,7.0422108644354005,0.04221086443540814,0.0,0.0,0.0,0.0,0.0,0.0,641.6040100250626
33,2681.5636650833494,7318.436334916666,10.0,160.61702173670602,0.7479688010424821,0.036661198444436424,5.990834700388901,9.252031198957505,16.422788697804283,0.009120681004344851,1.4977198297489007,0.008124795830048598,166.6380837159343,1.4977198297489067,5.990834700388874,0.7479688010424824,16.42278869780426,9.252031198957509,166.53456200075485,5.990834700388922,1.4977198297489123,9.252031198957495,16.42278869780439,0.7479688010424811,16.422788697804346,5.990834700388924,0.7479688010424823,166.53080316886582,1.4977198297489065,9.252031198957507,0.0037742972692523923,0.006128230648437325,6.023332518830432,6.3696142218097e-05,0.002270539601653359,6.596075429894088e-05,0.10579225478349398,1.7656389386719422,0.10955108667236149,661.6541353383458,2681.5636609325393,7318.4363390674835,10.0,23.962704112134983,2.9577891355645876,64.57152529197585,0.03729588786502525,0.00927858210539482,665.0846770724805,5.990721417894591,7.0422108644354005,0.042210864435408134,0.0,0.0,0.0,0.0,0.0,0.0,661.6541353383458
34,2577.608451792122,7422.391548207893,10.0,166.7351883763745,0.7479688010424825,0.03512503664212848,5.99121874083947,9.252031198957505,17.14212208176585,0.008738507416379122,1.4978153731459039,0.0081247958300486,172.64417093018193,1.4978153731458999,5.991218740839457,0.7479688010424828,17.142122081765812,9.252031198957509,172.54259795559088,5.991218740839501,1.497815373145912,9.252031198957495,17.14212208176594,0.7479688010424815,17.1421220817659,5.991218740839486,0.7479688010424825,172.53891614599678,1.4978153731459078,9.252031198957507,0.0035667209624193653,0.005803946870187189,5.911210449270472,6.032097267561237e-05,0.002227895462498508,6.246186933121914e-05,0.10380087005594751,1.8260752134381233,0.10748267964991343,681.704260651629,2577.6084470430037,7422.3915529570195,10.0,23.964274673684667,2.9577891355645876,67.41464745119299,0.035725326315340304,0.008887850287843025,689.1082366058589,5.9911121497121425,7.0422108644354005,0.042210864435408134,0.0,0.0,0.0,0.0,0.0,0.0,681.704260651629
35,2477.759415168234,7522.240584831781,10.0,172.85164924791127,0.7479688010424821,0.033712367748912744,5.991571908062774,9.252031198957505,17.86149218274715,0.008387057188180313,1.4979032357029416,0.008124795830048598,178.6506265178571,1.4979032357029458,5.991571908062744,0.7479688010424826,17.861492182747124,9.252031198957509,178.55096363255086,5.991571908062791,1.4979032357029507,9.252031198957496,17.861492182747256,0.7479688010424814,17.8614921827472,5.9915719080627925,0.7479688010424823,178.54735638395596,1.4979032357029463,9.252031198957507,0.003375263268875969,0.005503547448828213,5.801163352192215,5.719501156924207e-05,0.002186082245811593,5.922190573877882e-05,0.10184896755447363,1.8853712356782548,0.10545621614922067,701.7543859649122,2477.7594085774936,7522.240591422529,10.0,23.96571837971891,2.9577891355645876,70.25792051473852,0.03428162028109464,0.008528678412352055,713.1333057032913,5.991471321587633,7.0422108644354005,0.04221086443540814,0.0,0.0,0.0,0.0,0.0,0.0,701.7543859649122
36,2381.854363172775,7618.14563682724,10.0,178.96641225064423,0.7479688010424823,0.03240887076568822,5.991897782308555,9.252031198957505,18.580894674610786,0.008062767425765555,1.4979843081435595,0.008124795830048598,184.65742139097785,1.497984308143543,5.991897782308563,0.7479688010424825,18.580894674610743,9.252031198957509,184.559631014308,5.991897782308602,1.4979843081435642,9.252031198957495,18.580894674610867,0.7479688010424816,18.580894674610853,5.991897782308568,0.7479688010424824,184.55609606320192,1.4979843081435638,9.252031198957507,0.003198220009563489,0.005224654427923449,5.693154219777559,5.429334979591062e-05,0.0021450794433208113,5.621489771364318e-05,0.09993545611563796,1.9435500018644751,0.1034704072215626,721.8045112781955,2381.8543549508686,7618.145645049154,10.0,23.96704999431356,2.9577891355645876,73.10132664028849,0.03295000568644631,0.008197393351272961,737.1597648085152,5.991802606648712,7.0422108644354005,0.04221086443540814,0.0,0.0,0.0,0.0,0.0,0.0,721.8045112781955
37,2289.7375118436585,7710.262488156356,10.0,185.07948813378738,0.7479688010424824,0.031202384340705654,5.992199403914808,9.252031198957505,19.300325888975436,0.007762612533749571,1.498059346866553,0.0081247958300486,190.66452977248176,1.4980593468665506,5.992199403914796,0.7479688010424828,19.300325888975387,9.252031198957509,190.56857531317087,5.992199403914837,1.4980593468665606,9.252031198957495,19.300325888975532,0.7479688010424814,19.300325888975486,5.992199403914828,0.7479688010424825,190.56511057468984,1.4980593468665584,9.252031198957507,0.0030341172752329864,0.004965191888385132,5.58714650646717,5.1594261299213354e-05,0.002104867772140484,5.3418207509769997e-05,0.09805932708557767,2.0006338192916577,0.10152406556644965,741.8546365914787,2289.737497917344,7710.262502082678,10.0,23.968282077335477,2.9577891355645876,75.9448506703321,0.03171792266452834,0.007890870361644878,761.1875079873765,5.99210912963834,7.0422108644354005,0.042210864435408134,0.0,0.0,0.0,0.0,0.0,0.0,741.8546365914787
38,2201.2592330414445,7798.74076695857,10.0,191.1908899829175,0.7479688010424823,0.030082459755298316,5.992479385061152,9.252031198957505,20.019782678070477,0.0074839930007776475,1.4981290017497926,0.008124795830048598,196.6719287117434,1.4981290017497881,5.992479385061138,0.7479688010424826,20.019782678070417,9.252031198957509,196.5777744998842,5.99247938506118,1.4981290017497992,9.252031198957495,20.019782678070573,0.7479688010424815,20.01978267807052,5.992479385061168,0.7479688010424824,196.57437804607295,1.4981290017497955,9.252031198957507,0.0028816737833399315,0.004723339361868351,5.4831041577624395,4.90787073079126e-05,0.0020654289358419155,5.0812005075814525e-05,0.09621964079764084,2.0566443594916444,0.09961609460869404,761.9047619047618,2201.2592077759714,7798.740792224052,10.0,23.969425381888378,2.9577891355645876,78.78847964541983,0.03057461811162776,0.007606434204118097,785.2164410035554,5.992393565795867,7.0422108644354005,0.04221086443540814,0.0,0.0,0.0,0.0,0.0,0.0,761.9047619047618
39,2116.275787096243,7883.724212903772,10.0,197.30063279430513,0.7479688010424823,0.02904011150409951,5.992739972123957,9.252031198957505,20.7392623388965,0.007224673347336814,1.4981938316631502,0.0081247958300486,202.6795976769595,1.4981938316631458,5.9927399721239345,0.7479688010424825,20.739262338896424,9.252031198957509,202.58720890765414,5.9927399721239825,1.498193831663157,9.252031198957495,20.739262338896584,0.7479688010424815,20.739262338896527,5.992739972123965,0.7479688010424824,202.58387894611096,1.498193831663153,9.252031198957507,0.002739770589289521,0.004497494115604115,5.380991628224503,4.672993407040709e-05,0.002026745569366872,4.837885113601423e-05,0.09441551487739885,2.111602707882979,0.09774547642037862,781.9548872180451,2116.2757643797263,7883.724235620295,10.0,23.97048916231221,2.9577891355645876,81.63220242799231,0.02951083768779514,0.007341782515513197,809.2464796192006,5.992658217484473,7.0422108644354005,0.04221086443540814,0.0,0.0,0.0,0.0,0.0,0.0,781.9548872180451
40,2034.6491502979648,7965.350849702051,10.0,203.40873314546565,0.7479688010424824,0.02806755119473322,5.992983112201289,9.252031198957505,21.458762531675507,0.006982715922022641,1.4982543210194836,0.0081247958300486,208.6875182486198,1.4982543210194785,5.992983112201275,0.7479688010424828,21.45876253167543,9.252031198957509,208.59686093223033,5.9929831122013155,1.4982543210194914,9.252031198957495,21.4587625316756,0.7479688010424815,21.458762531675536,5.992983112201303,0.7479688010424828,208.59359578778958,1.4982543210194854,9.252031198957507,0.002607425690350048,0.004286239004960613,5.280773904185518,4.4533137826146955e-05,0.001988801030606347,4.610334377918611e-05,0.0926461174228009,2.1655293987612816,0.09591126186331735,802.0050125313282,2034.6491249875385,7965.350875012483,10.0,23.971481443525846,2.9577891355645876,84.47600937278807,0.02851855647415943,0.0070949187988560815,833.2775482362144,5.992905081201129,7.0422108644354005,0.04221086443540814,0.0,0.0,0.0,0.0,0.0,0.0,802.0050125313282
41,1956.2467188728488,8043.753281127168,10.0,209.51520889088144,0.7479688010424823,0.027157999657760445,5.993210500085516,9.252031198957505,22.17828122269937,0.006756434156446807,1.4983108914608672,0.008124795830048598,214.69567381658305,1.4983108914608616,5.9932105000855085,0.7479688010424826,22.178281222699287,9.252031198957509,214.60671473827733,5.993210500085542,1.4983108914608776,9.252031198957495,22.178281222699464,0.7479688010424815,22.178281222699397,5.993210500085538,0.7479688010424825,214.6035128359406,1.4983108914608687,9.252031198957507,0.00248377419308829,0.004088316988195611,5.182416505133501,4.2475191785801544e-05,0.0019515794310940699,4.397183308743368e-05,0.09091065773959556,2.2184444575709836,0.09411256007608633,822.0551378446115,1956.2467001948273,8043.753299805195,10.0,23.972409178150723,2.9577891355645876,87.31989213632588,0.027590821849286625,0.006864113332635289,857.3095787514195,5.993135886667349,7.0422108644354005,0.04221086443540814,0.0,0.0,0.0,0.0,0.0,0.0,822.0551378446115
42,1880.941141592053,8119.058858407962,10.0,215.6200789352132,0.7479688010424825,0.026305527911640814,5.993423618022046,9.252031198957505,22.897816635744665,0.006544352998947847,1.4983639117502405,0.008124795830048602,220.7040493661946,1.4983639117502345,5.993423618022032,0.7479688010424826,22.897816635744576,9.252031198957507,220.6167560491002,5.993423618022066,1.498363911750248,9.252031198957496,22.897816635744743,0.7479688010424813,22.897816635744682,5.993423618022059,0.7479688010424825,220.61361590075325,1.4983639117502416,9.252031198957507,0.002368050994272327,0.003902608820608655,5.085885496396011,4.0544414527214966e-05,0.0019150654137944536,4.1972177528057675e-05,0.08920838251100285,2.270367426519962,0.09234853085776379,842.1052631578947,1880.9411263448271,8119.058873655195,10.0,23.973278479541737,2.9577891355645876,90.1638433909397,0.026721520458273095,0.006647845194883613,881.3425095432477,5.9933521548051,7.0422108644354005,0.042210864435408134,0.0,0.0,0.0,0.0,0.0,0.0,842.1052631578947
43,1808.6100979038017,8191.389902096214,10.0,221.72336302857565,0.7479688010424828,0.02550492890930403,5.993623767772651,9.252031198957505,23.617367213041902,0.0063451770064811355,1.4984137057483549,0.008124795830048603,226.7126312753679,1.4984137057483513,5.993623767772621,0.747968801042483,23.61736721304183,9.252031198957507,226.62697194921248,5.993623767772672,1.4984137057483573,9.252031198957496,23.617367213041984,0.7479688010424819,23.617367213041938,5.993623767772648,0.7479688010424826,226.62389214182485,1.498413705748358,9.252031198957507,0.0022595770007463162,0.00372811496043958,4.991147490979043,3.87303779092735e-05,0.0018792441859572348,4.009354290292725e-05,0.08753857034422084,2.3213173923472223,0.0906183777316964,862.1553884711778,1808.6100821993437,8191.389917800679,10.0,23.97409469473287,2.9577891355645876,93.00785673712659,0.025905305267135074,0.006444784115307876,905.3762847801361,5.993555215884677,7.0422108644354005,0.04221086443540815,0.0,0.0,0.0,0.0,0.0,0.0,862.1553884711778
44,1739.136097429576,8260.86390257044,10.0,227.82508159793247,0.7479688010424826,0.02475160609003931,5.993812098477459,9.252031198957507,24.336931581315504,0.006157762617532066,1.4984605593455897,0.008124795830048595,232.72140714694586,1.4984605593455904,5.9938120984774494,0.7479688010424831,24.336931581315408,9.252031198957505,232.63735072032475,5.993812098477477,1.4984605593455949,9.252031198957498,24.336931581315564,0.7479688010424816,24.336931581315515,5.993812098477472,0.7479688010424831,232.63432990643815,1.4984605593455944,9.252031198957507,0.0021577474907083236,0.003563939822798183,4.898169650620192,3.7023736193466656e-05,0.001844101605951441,3.832622342048411e-05,0.0859005282299853,2.371313009121249,0.08892134211637387,882.2055137844611,1739.1360762069003,8260.863923793122,10.0,23.97486253865125,2.9577891355645876,95.85192653971735,0.025137461348754202,0.006253757084040676,929.4108536616617,5.993746242915945,7.0422108644354005,0.04221086443540813,0.0,0.0,0.0,0.0,0.0,0.0,882.2055137844611
45,1672.4062800011393,8327.593719998877,10.0,233.92525559572192,0.7479688010424832,0.02404150370685326,5.993989624073259,9.252031198957507,25.056508530785635,0.005981100818310727,1.498504724795401,0.008124795830048616,238.73036565802585,1.498504724795382,5.99398962407323,0.7479688010424819,25.056508530785564,9.252031198957505,238.64788169321463,5.993989624073268,1.498504724795407,9.252031198957496,25.056508530785703,0.7479688010424831,25.056508530785663,5.993989624073261,0.7479688010424821,238.64491858300013,1.4985047247953933,9.252031198957507,0.002062021565410434,0.0034092790812686523,4.80691968569337,3.5416117941453364e-05,0.0018096233885939524,3.6661527221970325e-05,0.0842935882027243,2.420372519176485,0.08725669841703197,902.2556390977443,1672.4062567659607,8327.59374323406,10.0,23.97558618247155,2.9577891355645876,98.6960478204708,0.024413817528457917,0.00607372637020608,953.446169829638,5.9939262736297785,7.0422108644354005,0.04221086443540815,0.0,0.0,0.0,0.0,0.0,0.0,902.2556390977443
46,1608.3122536631427,8391.687746336875,10.0,240.0239063982374,0.7479688010424823,0.023370987368031674,5.994157253157958,9.25203119895751,25.776096978388374,0.005814287422891021,1.4985464281442433,0.008124795830048593,244.73949645478953,1.4985464281442473,5.994157253157941,0.7479688010424829,25.77609697838829,9.252031198957503,244.6585551459339,5.994157253157979,1.498546428144245,9.252031198957496,25.77609697838844,0.7479688010424812,25.77609697838839,5.9941572531579626,0.747968801042483,244.6556485009442,1.4985464281442504,9.252031198957505,0.001971914778048664,0.0032634066459930216,4.7173658534261635,3.389993031120738e-05,0.0017757968731480992,3.509157482649844e-05,0.08271710573168689,2.4685137677437488,0.08562375072120144,922.3057644110276,1608.3122323412572,8391.687767658763,10.0,23.97626934930122,2.9577891355645876,101.54021614099251,0.02373065069878276,0.0059037657161771255,977.4821908838315,5.994096234283808,7.0422108644354005,0.04221086443540814,0.0,0.0,0.0,0.0,0.0,0.0,922.3057644110276
47,1546.7499078638064,8453.25009213621,10.0,246.12105569335165,0.7479688010424834,0.022736856590598726,5.994315785852311,9.252031198957509,26.495695972270095,0.005656526196297803,1.498585868450897,0.008124795830048605,250.74879003979783,1.4985858684508833,5.994315785852299,0.747968801042482,26.495695972270028,9.252031198957502,250.66936219074725,5.994315785852324,1.4985858684509061,9.252031198957498,26.495695972270177,0.7479688010424824,26.495695972270113,5.994315785852323,0.7479688010424822,250.66651081846456,1.498585868450891,9.252031198957505,0.0018869916032549778,0.003125669193834151,4.629476954529356,3.2468385426347e-05,0.0017426080823250995,3.3609322047657906e-05,0.08117045713578849,2.515754219992919,0.08402182941830261,942.3558897243107,1546.7498885009845,8453.250111499037,10.0,23.97691532770922,2.9577891355645876,104.38442758819531,0.02308467229078035,0.005743056972364785,1001.518877908824,5.9942569430276205,7.0422108644354005,0.04221086443540814,0.0,0.0,0.0,0.0,0.0,0.0,942.3558897243107
48,1487.6192425228353,8512.38075747718,10.0,252.21672539106513,0.7479688010424811,0.022136217913463208,5.99446594552163,9.25203119895751,27.21530465263794,0.005507097286585162,1.4986232256783065,0.008124795830048609,256.75823767503033,1.4986232256783332,5.994465945521554,0.747968801042484,27.215304652637876,9.2520311989575,256.68029468282447,5.994465945521664,1.4986232256782872,9.2520311989575,27.215304652638018,0.7479688010424818,27.21530465263799,5.994465945521569,0.7479688010424843,256.6774974321086,1.4986232256783323,9.252031198957503,0.001806858976542845,0.0029954714156366965,4.543222329388838,3.1115283516095925e-05,0.001710045422716935,3.220833741790199e-05,0.07965303763151604,2.562110975087187,0.0824502883471594,962.406015037594,1487.619224025778,8512.380775974245,10.0,23.977527077689917,2.9577891355645876,107.22867864363627,0.022472922310082015,0.005590863734032872,1025.5561951395116,5.994409136265952,7.0422108644354005,0.04221086443540814,0.0,0.0,0.0,0.0,0.0,0.0,962.406015037594
49,1430.8242075891724,8569.175792410842,10.0,258.3109375542139,0.7479688010424879,0.02156648664354449,5.9946083783390245,9.252031198957503,27.934922252689383,0.005365357659272092,1.4986586605851526,0.008124795830048569,262.76783130936366,1.4986586605850836,5.994608378339178,0.7479688010424793,27.934922252689194,9.252031198957503,262.69134514567133,5.9946083783390005,1.4986586605852177,9.252031198957498,27.934922252689425,0.7479688010424819,27.934922252689258,5.994608378339212,0.747968801042479,262.6886009014511,1.4986586605851007,9.252031198957509,0.001731164259072935,0.0028722805063591014,4.458571850096993,2.9835019195667623e-05,0.0016780949462680628,3.088280923962745e-05,0.07816425864173032,2.607600778290686,0.08090850286170964,982.4561403508771,1430.8241894428338,8569.175810557188,10.0,23.978107248843013,2.9577891355645876,110.07296616254126,0.021892751156987012,0.005446526818658325,1049.5941096140084,5.994553473181327,7.0422108644354005,0.04221086443540814,0.0,0.0,0.0,0.0,0.0,0.0,982.4561403508771
50,1376.2725469060852,8623.727453093928,10.0,264.40371432483727,0.7479688010424741,0.021025350573476053,5.9947436623567825,9.252031198957518,28.654548087631312,0.0052307320706229225,1.4986923169822783,0.00812479583004866,268.777563501895,1.4986923169823845,5.994743662356451,0.7479688010424875,28.65454808763142,9.252031198957495,268.7025066974684,5.994743662356861,1.4986923169821729,9.252031198957496,28.65454808763141,0.7479688010424825,28.65454808763156,5.994743662356442,0.7479688010424892,268.69981438208964,1.498692316982368,9.2520311989575,0.001659581312363653,0.002755597040739221,4.375495924389292,2.8622517330071405e-05,0.0016467473305168815,2.9627470796479593e-05,0.07670355176023166,2.6522400324112345,0.07939586713868713,1002.5062656641603,1376.2725284265723,8623.72747157345,10.0,23.978658224455117,2.9577891355645876,112.91728732016878,0.021341775544878525,0.005309453298883585,1073.6325908898064,5.994690546701101,7.0422108644354005,0.04221086443540814,0.0,0.0,0.0,0.0,0.0,0.0,1002.5062656641603
51,1323.8756483150644,8676.12435168495,10.0,270.49507788602017,0.7479688010424854,0.020510690105928327,5.994872327473423,9.252031198957503,29.37418153004956,0.005102693195787892,1.4987243267009833,0.008124795830048534,274.78742737029586,1.4987243267010264,5.994872327473623,0.7479688010424854,29.374181530049174,9.252031198957498,274.71377300016974,5.994872327473456,1.4987243267010155,9.252031198957498,29.374181530049544,0.7479688010424788,29.374181530049306,5.9948723274736375,0.7479688010424856,274.7111315642869,1.498724326701018,9.252031198957503,0.0015918236877546892,0.0026449848538696056,4.293965472512919,2.7473088280808546e-05,0.0016159882362109486,2.8437463098519112e-05,0.07527035836537949,2.6960448080717647,0.07791179424797129,1022.5563909774436,1323.8756315960968,8676.124368403925,10.0,23.979182153335074,2.9577891355645876,115.76163957327563,0.020817846664923135,0.005179108582307207,1097.671610798334,5.994820891417676,7.0422108644354005,0.042210864435408134,0.0,0.0,0.0,0.0,0.0,0.0,1022.5563909774436
52,1273.5483992048487,8726.451600795166,10.0,276.58505039515484,0.7479688010424917,0.020020621179675818,5.994994844705198,9.252031198957498,30.093822023576983,0.0049807723080388085,1.4987548069230356,0.008124795830048746,280.79741653139473,1.4987548069228136,5.99499484470501,0.7479688010424763,30.093822023577225,9.252031198957507,280.7251381935485,5.994994844705082,1.498754806923087,9.252031198957486,30.093822023577104,0.7479688010424935,30.093822023577243,5.994994844705087,0.7479688010424762,280.7225466218142,1.498754806922871,9.252031198957514,0.0015276222785666883,0.0025400328777366314,4.213951939790787,2.638252121249331e-05,0.0015858035497686364,2.7308421497043282e-05,0.07386414139911242,2.739030853501666,0.07645571313314896,1042.6065162907269,1273.548387860367,8726.451612139655,10.0,23.97968097903722,2.9577891355645876,118.60602062475779,0.020319020962775377,0.005055009141059164,1121.7111432169095,5.994944990858925,7.0422108644354005,0.04221086443540814,0.0,0.0,0.0,0.0,0.0,0.0,1042.6065162907269
53,1225.2090499646429,8774.790950035374,10.0,282.6736539585423,0.7479688010424796,0.019553422086231426,5.995111644478264,9.25203119895751,30.813469060275512,0.004864541071757261,1.4987838647319098,0.008124795830048449,286.8075250416688,1.4987838647321763,5.995111644478597,0.7479688010424959,30.813469060274716,9.252031198957487,286.7365968722208,5.995111644478427,1.4987838647318812,9.252031198957505,30.813469060275402,0.7479688010424718,30.81346906027496,5.995111644478577,0.7479688010424966,286.7340541667433,1.4987838647321214,9.252031198957491,0.0014667356750168712,0.002440364075149716,4.135427276713822,2.534691934292006e-05,0.001556193586125058,2.62363045767933e-05,0.0724843630373803,2.7812136034061554,0.07502706851466077,1062.65664160401,1225.2090420658894,8774.790957934132,10.0,23.98015646384011,2.9577891355645876,121.45042839470455,0.019843536159885038,0.004936716546205067,1145.7511638681117,5.995063283453779,7.0422108644354005,0.04221086443540813,0.0,0.0,0.0,0.0,0.0,0.0,1062.65664160401
54,1178.7790798672486,8821.22092013277,10.0,288.7609105908908,0.7479688010424939,0.019107526275053455,5.995223118431554,9.252031198957498,31.533122178595274,0.0047536097525486916,1.4988115975619682,0.008124795830048909,292.81774739811004,1.4988115975616345,5.995223118431047,0.7479688010424739,31.533122178595924,9.252031198957509,292.7481440037873,5.995223118431372,1.4988115975619931,9.252031198957473,31.533122178595463,0.7479688010425032,31.533122178595995,5.995223118431079,0.747968801042474,292.74564920913883,1.4988115975617038,9.252031198957514,0.0014089425520899441,0.0023456411361856807,4.058363936967487,2.436272236986412e-05,0.0015271297470478085,2.5217422936802916e-05,0.07113052407304295,2.8226081869852497,0.07362531872132723,1082.7067669172932,1178.779073713217,8821.220926286805,10.0,23.980610208479593,2.9577891355645876,124.29486099651062,0.019389791520401923,0.004823832558418842,1169.7916501681443,5.9951761674415645,7.0422108644354005,0.04221086443540815,0.0,0.0,0.0,0.0,0.0,0.0,1082.7067669172932
55,1134.183069235038,8865.81693076498,10.0,294.8468421845946,0.7479688010424799,0.018681511110115248,5.995329622222454,9.25203119895751,32.25278096006484,0.004647624419911235,1.4988380938949157,0.008124795830048586,298.82807843435234,1.4988380938951025,5.995329622222496,0.7479688010424937,32.252780960064385,9.252031198957491,298.75977495096396,5.995329622222559,1.4988380938948545,9.252031198957498,32.25278096006477,0.7479688010424793,32.25278096006465,5.995329622222465,0.7479688010424951,298.75732711680433,1.4988380938950627,9.252031198957493,0.0013540400932717154,0.002255547656342452,3.982734869555627,2.3426660036494334e-05,0.0014986197966939821,2.4248388336463537e-05,0.06980210318844729,2.863229435965932,0.07224993734779209,1102.7568922305763,1134.1830653654283,8865.816934634593,10.0,23.981043669989287,2.957789135564587,127.13931671539008,0.018956330010711488,0.004715994689512473,1193.83258106744,5.995284005310471,7.0422108644354005,0.04221086443540813,0.0,0.0,0.0,0.0,0.0,0.0,1102.7568922305763
56,1091.348577766379,8908.65142223364,10.0,300.93147048582557,0.7479688010425019,0.01827407410702017,5.995431481473548,9.252031198957487,32.9724450220189,0.004546261035327214,1.498863434741342,0.008124795830048909,304.838513361599,1.498863434740801,5.995431481473061,0.7479688010424659,32.9724450220197,9.25203119895752,304.7714853700038,5.995431481473242,1.4988634347414536,9.252031198957472,32.972445022019066,0.7479688010425066,32.97244502201962,5.995431481473198,0.7479688010424643,304.7690835879617,1.4988634347409262,9.252031198957521,0.001301842340578825,0.0021697948575992057,3.908513511282267,2.253572307621414e-05,0.00147063550751833,2.3326082728665383e-05,0.06849862710611454,2.9030918921921995,0.0709004091479951,1122.8070175438595,1091.3485767828308,8908.651423217192,10.0,23.981458173443333,2.957789135564587,129.9837939944226,0.01854182655666374,0.004612873281051711,1217.8739369079428,5.995387126718932,7.0422108644354005,0.0422108644354082,0.0,0.0,0.0,0.0,0.0,0.0,1122.8070175438595
57,1050.2060249557285,8949.79397504429,10.0,307.01481707194614,0.7479688010424816,0.017884028509943427,5.99552899287197,9.252031198957507,33.692114016377644,0.00444922435200442,1.49888769391176,0.008124795830048112,310.8490476663476,1.4988876939121605,5.995528992872952,0.7479688010424993,33.69211401637598,9.252031198957486,310.78327125456605,5.995528992872205,1.4988876939118183,9.252031198957523,33.69211401637731,0.7479688010424548,33.69211401637607,5.995528992873059,0.7479688010424979,310.78091461881604,1.4988876939121034,9.252031198957487,0.0012521783609049217,0.002088116005485032,3.8356737793170383,2.168713948250852e-05,0.0014431849142040128,2.2447632525507713e-05,0.06721959669914063,2.942209814323844,0.06957623244886411,1142.857142857143,1050.206027865867,8949.793972134155,10.0,23.981854943445008,2.957789135564587,132.82829139581756,0.018145056554989294,0.004514163670098592,1241.9156993051,5.995485836329885,7.0422108644354005,0.04221086443540813,0.0,0.0,0.0,0.0,0.0,0.0,1142.857142857143
58,1010.6885797446373,8989.311420255382,10.0,313.0969033327819,0.7479688010424776,0.017510282623066302,5.995622429343646,9.25203119895751,34.411787623312065,0.004356242772634913,1.4989109393065576,0.008124795830047918,316.8596771514756,1.4989109393070756,5.9956224293447065,0.7479688010425053,34.411787623310225,9.25203119895748,316.79512884144214,5.99562242934394,1.4989109393065978,9.252031198957535,34.41178762331165,0.7479688010424448,34.41178762331032,5.995622429344807,0.7479688010425039,316.7928164802807,1.4989109393069848,9.252031198957482,0.0012048908499297131,0.0020102654053075044,3.7641900638277384,2.0878349356266537e-05,0.0014162451325377512,2.161038673093464e-05,0.0659645551695857,2.980597184589302,0.0682769163307064,1162.907268170426,1010.688587705762,8989.311412294262,10.0,23.982235093012534,2.9577891355645876,135.6728076153064,0.017764906987464062,0.004419588954660618,1265.9578510448348,5.9955804110453235,7.0422108644354005,0.042210864435408064,0.0,0.0,0.0,0.0,0.0,0.0,1162.907268170426
59,972.7320515923233,9027.267948407696,10.0,319.1777504548615,0.7479688010424844,0.017151833470664176,5.995712041633264,9.252031198957502,35.131465549389006,0.004267066772160513,1.4989332333072218,0.00812479583004953,322.870397868049,1.4989332333066276,5.995712041631758,0.747968801042456,35.13146554939091,9.25203119895753,322.8070546336208,5.995712041632912,1.498933233307114,9.25203119895745,35.1314655493894,0.7479688010425295,35.13146554939104,5.995712041631618,0.7479688010424589,322.80478569402,1.4989332333067302,9.252031198957527,0.0011598348128029259,0.0019360165596577085,3.694037220432006,2.0106983731893112e-05,0.0013898072429543854,2.081189648812185e-05,0.06473304167475544,3.0182677150242707,0.06700198127525016,1182.9573934837092,972.7320657558702,9027.267934244153,10.0,23.98259964250276,2.9577891355645876,138.51734145900332,0.017400357497240997,0.00432889528546279,1290.0003759845613,5.995671104714521,7.0422108644354005,0.04221086443540813,0.0,0.0,0.0,0.0,0.0,0.0,1182.9573934837092
60,936.274787529342,9063.72521247068,10.0,325.2573794072202,0.7479688010424798,0.016807769107539353,5.995798057722503,9.252031198957507,35.85114752840519,0.004181469472874895,1.4989546326315168,0.008124795830047767,328.88120610268766,1.4989546326319723,5.995798057723606,0.7479688010425042,35.85114752840349,9.252031198957482,328.8190453679848,5.995798057722772,1.4989546326316037,9.252031198957543,35.85114752840484,0.7479688010424385,35.851147528403516,5.995798057723753,0.7479688010425016,328.816819011331,1.498954632631888,9.252031198957486,0.0011168764210832893,0.0018651563679579607,3.625190562774674,1.9370866533468616e-05,0.0013638673054461252,2.0049891979053076e-05,0.06352460201199181,3.0552348534764704,0.06575095866539227,1203.0075187969924,936.2748067306701,9063.725193269354,10.0,23.98294953032868,2.9577891355645876,141.3618918304672,0.01705046967131972,0.004241849200064588,1314.0432589636757,5.99575815079992,7.0422108644354005,0.04221086443540813,0.0,0.0,0.0,0.0,0.0,0.0,1203.0075187969924
61,901.2575692858577,9098.742430714163,10.0,331.3358109304686,0.7479688010424785,0.016477234829807546,5.995880691291378,9.252031198957509,36.5708333109107,0.004099238237519451,1.4989751904401647,0.008124795830046851,334.89209837342133,1.4989751904409958,5.995880691293405,0.7479688010425237,36.5708333109077,9.252031198957464,334.8310979869008,5.995880691291877,1.498975190440327,9.252031198957578,36.57083331091008,0.7479688010424007,36.57083331090768,5.995880691293672,0.7479688010425185,334.8289133957809,1.4989751904408384,9.252031198957468,0.001075891693980077,0.0017974924265112603,3.557625855085785,1.8667957435975597e-05,0.001338412131253204,1.9322271386088006e-05,0.06233879865558455,3.091511789605782,0.06452338977508956,1223.0576441102755,901.2575903717528,9098.742409628272,10.0,23.983285628509964,2.9577891355645876,144.20645771166744,0.0167143714900308,0.004158233753040834,1338.086485725889,5.995841766246943,7.0422108644354005,0.042210864435408155,0.0,0.0,0.0,0.0,0.0,0.0,1223.0576441102755
62,867.6235143544199,9132.3764856456,10.0,337.41306552551765,0.747968801042482,0.016159434857279543,5.995960141287698,9.252031198957503,37.290522664844275,0.004020175087980797,1.4989949562286649,0.008124795830051695,340.90307139802525,1.4989949562272593,5.995960141284338,0.7479688010424028,37.29052266484895,9.252031198957585,340.84320962861693,5.9959601412869015,1.4989949562283975,9.252031198957361,37.290522664845454,0.7479688010426172,37.29052266484914,5.995960141283902,0.7479688010424117,340.8410660034615,1.4989949562275429,9.252031198957573,0.00103676599633435,0.0017328447913582833,3.4913193040222406,1.799635197520063e-05,0.001313431513030985,1.8627089422872308e-05,0.061175200925115594,3.1271114606348904,0.06331882608028208,1243.107769423559,867.6235356378758,9132.376464362147,10.0,23.983608732980773,2.9577891355645876,147.05103817543002,0.016391267019220807,0.004077850928565635,1362.1300428507423,5.995922149071419,7.0422108644354005,0.04221086443540814,0.0,0.0,0.0,0.0,0.0,0.0,1243.107769423559
63,835.3179867894485,9164.682013210571,10.0,343.4891634465676,0.7479688010424742,0.01585368671870214,5.996036578316019,9.252031198957512,38.01021539260203,0.003944110237177164,1.499013972439111,0.008124795830041508,346.91412207553356,1.4990139724422287,5.996036578323318,0.7479688010426514,38.010215392591626,9.252031198957336,346.8553776144072,5.9960365783177485,1.499013972439721,9.252031198957809,38.010215392599825,0.7479688010421708,38.01021539259126,5.996036578324294,0.7479688010426311,346.8532741697828,1.499013972441597,9.252031198957352,0.0009993929708462313,0.0016710378661728951,3.4262475517256608,1.7354367952367062e-05,0.0012889227576219466,1.7962516986810822e-05,0.060033383888142,3.162046556675737,0.06213682851188584,1263.157894736842,835.318008432681,9164.68199156734,10.0,23.983919585406824,2.9577891355645876,149.89563235851054,0.01608041459317441,0.004000516211545939,1386.173917689386,5.995999483788439,7.0422108644354005,0.04221086443540814,0.0,0.0,0.0,0.0,0.0,0.0,1263.157894736842
64,804.288511160638,9195.711488839383,10.0,349.56412469544034,0.7479688010424791,0.01555926990873562,5.996110182521901,9.252031198957509,38.72991128378624,0.0038708644333029845,1.499032283891323,0.00812479583004683,352.92524749678375,1.4990322838919323,5.996110182523479,0.7479688010425097,38.729911283784084,9.252031198957479,352.8675994247891,5.996110182522285,1.4990322838914472,9.252031198957555,38.729911283785896,0.7479688010424262,38.729911283784,5.996110182523637,0.7479688010425061,352.86553539717903,1.4990322838918293,9.252031198957477,0.000963673872987996,0.0016119251776001223,3.3623876686057836,1.6740289379314184e-05,0.0012648672606700084,1.732688784986716e-05,0.058912939259155965,3.196329525605442,0.06097696686903043,1283.2080200501252,804.2885326595784,9195.711467340445,10.0,23.984218865416942,2.9577891355645876,152.74023947159947,0.01578113458305625,0.003926060521282996,1410.2180983037535,5.996073939478702,7.0422108644354005,0.04221086443540814,0.0,0.0,0.0,0.0,0.0,0.0,1283.2080200501252
65,774.4846836340156,9225.515316366003,10.0,355.63796901221303,0.7479688010424804,0.015275594209047314,5.996181101447909,9.252031198957509,39.44961016792667,0.0038002908401397356,1.4990499272899709,0.008124795830048574,358.93644489377255,1.4990499272898825,5.996181101447605,0.7479688010424779,39.4496101679271,9.252031198957507,358.8798727007031,5.99618110144784,1.4990499272899578,9.252031198957496,39.44961016792691,0.7479688010424839,39.44961016792708,5.996181101447609,0.7479688010424778,358.87784733728864,1.4990499272898896,9.252031198957505,0.0009295168925185553,0.001555353834058778,3.299717145705993,1.6152652417609612e-05,0.0012412641444194035,1.6718618015755577e-05,0.05781345721803601,3.2299725785184825,0.05983882063227529,1303.2581453634084,774.4847049264889,9225.515295073534,10.0,23.984507210410737,2.9577891355645876,155.58485877483176,0.015492789589260541,0.0038543252824916868,1434.2625734170044,5.996145674717493,7.0422108644354005,0.04221086443540814,0.0,0.0,0.0,0.0,0.0,0.0,1303.2581453634084
66,745.8580916894776,9254.141908310541,10.0,361.7107158763305,0.7479688010424806,0.015002075973293744,5.996249481006675,9.252031198957509,40.16931187582593,0.0037322442555003162,1.4990669389360916,0.00812479583004858,364.94771166180095,1.4990669389360725,5.996249481006668,0.7479688010424805,40.16931187582603,9.252031198957505,364.89219522090383,5.996249481006728,1.4990669389360882,9.2520311989575,40.16931187582604,0.7479688010424802,40.16931187582609,5.996249481006618,0.7479688010424801,364.8902077867948,1.4990669389360773,9.252031198957502,0.0008968365552622497,0.0015011898644486008,3.23821388759251,1.5590029811181018e-05,0.0012181021201477982,1.6136244831998726e-05,0.05673454302142832,3.2629876944474434,0.05872197713011607,1323.3082706766916,745.8581129447439,9254.141887055277,10.0,23.98478521215888,2.9577891355645876,158.42948958227518,0.015214787841116087,0.0037851632716798343,1458.307332364825,5.9962148367283055,7.0422108644354005,0.04221086443540815,0.0,0.0,0.0,0.0,0.0,0.0,1323.3082706766916
67,718.3622351837109,9281.637764816307,10.0,367.7823844989112,0.7479688010424816,0.01473818259178988,5.9963154543520645,9.252031198957509,40.88901625353337,0.0036665921746190165,1.4990833519562985,0.008124795830048588,370.9590453309801,1.499083351956302,5.996315454352025,0.7479688010424812,40.88901625353348,9.252031198957503,370.90456489635926,5.99631545435204,1.4990833519563056,9.2520311989575,40.88901625353353,0.7479688010424809,40.88901625353345,5.996315454352068,0.747968801042481,370.9026146714783,1.4990833519562996,9.252031198957502,0.000865553210629489,0.001449305932157846,3.1778562051270365,1.5051106132640669e-05,0.0011953730561905587,1.5578398842464825e-05,0.05567580768123857,3.2953866250607846,0.057626032561795354,1343.358395989975,718.362263282787,9281.637736717232,10.0,23.985053411976665,2.9577891355645876,161.27413126815733,0.014946588023323984,0.00371843981861127,1482.3523650555155,5.996281560181374,7.0422108644354005,0.04221086443540814,0.0,0.0,0.0,0.0,0.0,0.0,1343.358395989975
68,691.9524506427172,9308.047549357301,10.0,373.85299382174816,0.7479688010424821,0.014483415961056246,5.996379146009832,9.252031198957507,41.608723157226834,0.0036032106772955967,1.4990991973306254,0.008124795830048593,376.97044356124434,1.4990991973306418,5.996379146009599,0.7479688010424818,41.60872315722712,9.252031198957502,376.91697976014166,5.996379146009616,1.4990991973306458,9.252031198957498,41.608723157227175,0.7479688010424811,41.6087231572269,5.996379146009833,0.7479688010424816,376.9150660389212,1.4990991973306254,9.2520311989575,0.000835592540121408,0.0013995833592120002,3.1186228083590612,1.4534646638562037e-05,0.0011730688609515527,1.5043801212854254e-05,0.05463686996785836,3.3271808994061187,0.056550591187917026,1363.408521303258,691.9524748930749,9308.047525106944,10.0,23.985312321205985,2.9577891355645876,164.11878324154873,0.014687678794005657,0.003654027709382817,1506.3976619172113,5.996345972290601,7.0422108644354005,0.04221086443540812,0.0,0.0,0.0,0.0,0.0,0.0,1363.408521303258
69,666.585838988409,9333.414161011611,10.0,379.9225625149564,0.7479688010424823,0.014237293783623416,5.996440676554083,9.252031198957507,42.328432447419104,0.003541979775140122,1.4991145050561725,0.008124795830048596,382.98190413300756,1.4991145050561747,5.996440676554077,0.7479688010424818,42.32843244741917,9.2520311989575,382.9294379581571,5.996440676554089,1.4991145050561774,9.252031198957498,42.32843244741923,0.7479688010424818,42.328432447419154,5.996440676554088,0.7479688010424818,382.92756004926486,1.4991145050561734,9.2520311989575,0.0008068851274474164,0.0013519111147569087,3.0604927995359454,1.4039468637420144e-05,0.0011511814827516761,1.4531261323126951e-05,0.05361735633746578,3.358381828331364,0.05549526522927673,1383.4586466165413,666.5858617011961,9333.414138298822,10.0,23.985562415772883,2.9577891355645876,166.9634449532492,0.014437584227104765,0.003591808541128595,1530.443213880035,5.996408191458855,7.0422108644354,0.04221086443540803,0.0,0.0,0.0,0.0,0.0,0.0,1383.4586466165413
70,642.221195259037,9357.778804740985,10.0,385.99110897670096,0.7479688010424824,0.013999402596583992,5.996500149350842,9.252031198957507,43.04814400554903,0.0034827966057544386,1.4991293008485098,0.0081247958300486,388.99342493969465,1.4991293008485154,5.996500149350834,0.747968801042482,43.04814400554908,9.2520311989575,388.94193774222254,5.996500149350845,1.4991293008485178,9.2520311989575,43.04814400554915,0.747968801042482,43.04814400554907,5.996500149350849,0.747968801042482,388.9400949681737,1.4991293008485114,9.2520311989575,0.0007793660667844905,0.0013061849454370014,3.0034456661154154,1.356452247703791e-05,0.001129703119767521,1.4039651773434918e-05,0.05261690059617857,3.3890005089012383,0.05445967464464096,1403.5087719298244,642.2212170447045,9357.778782955316,10.0,23.985804133019663,2.9577891355645876,169.8081158999753,0.014195866980327983,0.0035316735101356797,1554.489012329549,5.996468326489847,7.0422108644354,0.04221086443540814,0.0,0.0,0.0,0.0,0.0,0.0,1403.5087719298244
71,618.8189422015483,9381.181057798472,10.0,392.0586513309804,0.7479688010424828,0.013769328690153085,5.996557667827357,9.252031198957505,43.76785771245972,0.003425558244558418,1.4991436104388327,0.0081247958300486,395.0050039789104,1.49914361043879,5.9965576678275045,0.7479688010424821,43.76785771245967,9.252031198957498,394.9544774612506,5.996557667827514,1.4991436104387927,9.252031198957502,43.767857712459744,0.7479688010424821,43.76785771245977,5.996557667827362,0.7479688010424822,394.9526691580468,1.499143610438834,9.2520311989575,0.0007529746075925959,0.0012623073253314868,2.947461273994646,1.3108780359015078e-05,0.001108626062601285,1.356792505492175e-05,0.0516351437267271,3.4190478286112196,0.05344344693014751,1423.5588972431076,618.818962475623,9381.181037524397,10.0,23.986037892184207,2.9577891355645876,172.6527955989155,0.013962107815781543,0.0034735183166608175,1578.53504908069,5.996526481683322,7.0422108644354,0.04221086443540813,0.0,0.0,0.0,0.0,0.0,0.0,1423.5588972431076
72,596.3410714447677,9403.658928555253,10.0,398.12520742776087,0.7479688010424826,0.013546695900628554,5.9966133260247645,9.252031198957505,44.487573460223295,0.0033701711081557104,1.4991574572229285,0.008124795830048602,401.01663934709705,1.4991574572229036,5.996613326024848,0.7479688010424821,44.4875734602233,9.252031198957498,400.96705555611913,5.9966133260248595,1.499157457222906,9.252031198957502,44.487573460223366,0.7479688010424822,44.48757346022334,5.99661332602477,0.7479688010424823,400.96528107291044,1.49915745722293,9.252031198957498,0.000727653833049641,0.0012201866839007221,2.8925198621111723,1.2671296050380516e-05,0.0010879427728806548,1.3115094412094488e-05,0.05067173375509282,3.4485344688039197,0.05244621696347879,1443.609022556391,596.3410838265768,9403.658916173443,10.0,23.98626407862446,2.9577891355645876,175.49748360757243,0.013735921375528613,0.003417247089853427,1602.5813163493092,5.996582752910129,7.0422108644354,0.04221086443540814,0.0,0.0,0.0,0.0,0.0,0.0,1443.609022556391
73,574.7510590827719,9425.248940917249,10.0,404.1907948470301,0.7479688010424826,0.013331147661269345,5.996667213084635,9.252031198957505,45.2072911465778,0.003316546488458805,1.4991708633778429,0.008124795830048602,407.0283292314593,1.4991708633778382,5.9966672130846606,0.747968801042482,45.20729114657783,9.252031198957498,406.97967055184426,5.996667213084672,1.49917086337784,9.2520311989575,45.207291146577916,0.747968801042482,45.207291146577845,5.996667213084644,0.7479688010424821,406.97792925059736,1.499170863377844,9.252031198957498,0.0007033503646524534,0.0011797370220594204,2.8386020302780204,1.2251172635943022e-05,0.0010676458467305102,1.268023497746563e-05,0.04972632546601755,3.4774709117345313,0.051467626712636626,1463.6591478696741,574.7510693173023,9425.248930682717,10.0,23.986483053799496,2.9577891355645876,178.342179511423,0.013516946200494477,0.003362769904525041,1626.6278067270796,5.996637230095458,7.0422108644354,0.042210864435408134,0.0,0.0,0.0,0.0,0.0,0.0,1463.6591478696741
